"reader","treatment","case","truth","rating","case2","case3"
"1","1","1",0,1,"1.1","1.1"
"1","2","1",0,3,"1.1","2.1"
"2","1","1",0,2,"2.1","1.1"
"2","2","1",0,3,"2.1","2.1"
"3","1","1",0,2,"3.1","1.1"
"3","2","1",0,2,"3.1","2.1"
"4","1","1",0,1,"4.1","1.1"
"4","2","1",0,2,"4.1","2.1"
"5","1","1",0,3,"5.1","1.1"
"5","2","1",0,2,"5.1","2.1"
"1","1","2",0,2,"1.2","1.2"
"1","2","2",0,3,"1.2","2.2"
"2","1","2",0,3,"2.2","1.2"
"2","2","2",0,2,"2.2","2.2"
"3","1","2",0,2,"3.2","1.2"
"3","2","2",0,4,"3.2","2.2"
"4","1","2",0,1,"4.2","1.2"
"4","2","2",0,2,"4.2","2.2"
"5","1","2",0,5,"5.2","1.2"
"5","2","2",0,2,"5.2","2.2"
"1","1","3",0,2,"1.3","1.3"
"1","2","3",0,3,"1.3","2.3"
"2","1","3",0,2,"2.3","1.3"
"2","2","3",0,2,"2.3","2.3"
"3","1","3",0,2,"3.3","1.3"
"3","2","3",0,2,"3.3","2.3"
"4","1","3",0,1,"4.3","1.3"
"4","2","3",0,1,"4.3","2.3"
"5","1","3",0,1,"5.3","1.3"
"5","2","3",0,3,"5.3","2.3"
"1","1","4",0,1,"1.4","1.4"
"1","2","4",0,2,"1.4","2.4"
"2","1","4",0,2,"2.4","1.4"
"2","2","4",0,2,"2.4","2.4"
"3","1","4",0,2,"3.4","1.4"
"3","2","4",0,2,"3.4","2.4"
"4","1","4",0,1,"4.4","1.4"
"4","2","4",0,1,"4.4","2.4"
"5","1","4",0,2,"5.4","1.4"
"5","2","4",0,1,"5.4","2.4"
"1","1","5",0,5,"1.5","1.5"
"1","2","5",0,2,"1.5","2.5"
"2","1","5",0,2,"2.5","1.5"
"2","2","5",0,2,"2.5","2.5"
"3","1","5",0,3,"3.5","1.5"
"3","2","5",0,2,"3.5","2.5"
"4","1","5",0,1,"4.5","1.5"
"4","2","5",0,1,"4.5","2.5"
"5","1","5",0,1,"5.5","1.5"
"5","2","5",0,2,"5.5","2.5"
"1","1","6",0,1,"1.6","1.6"
"1","2","6",0,2,"1.6","2.6"
"2","1","6",0,2,"2.6","1.6"
"2","2","6",0,2,"2.6","2.6"
"3","1","6",0,5,"3.6","1.6"
"3","2","6",0,2,"3.6","2.6"
"4","1","6",0,1,"4.6","1.6"
"4","2","6",0,1,"4.6","2.6"
"5","1","6",0,1,"5.6","1.6"
"5","2","6",0,2,"5.6","2.6"
"1","1","7",0,1,"1.7","1.7"
"1","2","7",0,2,"1.7","2.7"
"2","1","7",0,2,"2.7","1.7"
"2","2","7",0,2,"2.7","2.7"
"3","1","7",0,1,"3.7","1.7"
"3","2","7",0,3,"3.7","2.7"
"4","1","7",0,3,"4.7","1.7"
"4","2","7",0,3,"4.7","2.7"
"5","1","7",0,1,"5.7","1.7"
"5","2","7",0,2,"5.7","2.7"
"1","1","8",0,1,"1.8","1.8"
"1","2","8",0,2,"1.8","2.8"
"2","1","8",0,2,"2.8","1.8"
"2","2","8",0,2,"2.8","2.8"
"3","1","8",0,1,"3.8","1.8"
"3","2","8",0,2,"3.8","2.8"
"4","1","8",0,1,"4.8","1.8"
"4","2","8",0,1,"4.8","2.8"
"5","1","8",0,1,"5.8","1.8"
"5","2","8",0,2,"5.8","2.8"
"1","1","9",0,1,"1.9","1.9"
"1","2","9",0,3,"1.9","2.9"
"2","1","9",0,2,"2.9","1.9"
"2","2","9",0,3,"2.9","2.9"
"3","1","9",0,2,"3.9","1.9"
"3","2","9",0,2,"3.9","2.9"
"4","1","9",0,1,"4.9","1.9"
"4","2","9",0,2,"4.9","2.9"
"5","1","9",0,2,"5.9","1.9"
"5","2","9",0,1,"5.9","2.9"
"1","1","10",0,1,"1.10","1.10"
"1","2","10",0,2,"1.10","2.10"
"2","1","10",0,3,"2.10","1.10"
"2","2","10",0,2,"2.10","2.10"
"3","1","10",0,2,"3.10","1.10"
"3","2","10",0,2,"3.10","2.10"
"4","1","10",0,1,"4.10","1.10"
"4","2","10",0,1,"4.10","2.10"
"5","1","10",0,2,"5.10","1.10"
"5","2","10",0,2,"5.10","2.10"
"1","1","11",0,1,"1.11","1.11"
"1","2","11",0,1,"1.11","2.11"
"2","1","11",0,2,"2.11","1.11"
"2","2","11",0,2,"2.11","2.11"
"3","1","11",0,4,"3.11","1.11"
"3","2","11",0,1,"3.11","2.11"
"4","1","11",0,1,"4.11","1.11"
"4","2","11",0,1,"4.11","2.11"
"5","1","11",0,2,"5.11","1.11"
"5","2","11",0,2,"5.11","2.11"
"1","1","12",0,1,"1.12","1.12"
"1","2","12",0,3,"1.12","2.12"
"2","1","12",0,2,"2.12","1.12"
"2","2","12",0,2,"2.12","2.12"
"3","1","12",0,2,"3.12","1.12"
"3","2","12",0,1,"3.12","2.12"
"4","1","12",0,1,"4.12","1.12"
"4","2","12",0,1,"4.12","2.12"
"5","1","12",0,1,"5.12","1.12"
"5","2","12",0,2,"5.12","2.12"
"1","1","13",0,4,"1.13","1.13"
"1","2","13",0,1,"1.13","2.13"
"2","1","13",0,5,"2.13","1.13"
"2","2","13",0,2,"2.13","2.13"
"3","1","13",0,4,"3.13","1.13"
"3","2","13",0,1,"3.13","2.13"
"4","1","13",0,1,"4.13","1.13"
"4","2","13",0,1,"4.13","2.13"
"5","1","13",0,2,"5.13","1.13"
"5","2","13",0,1,"5.13","2.13"
"1","1","14",0,1,"1.14","1.14"
"1","2","14",0,2,"1.14","2.14"
"2","1","14",0,2,"2.14","1.14"
"2","2","14",0,2,"2.14","2.14"
"3","1","14",0,2,"3.14","1.14"
"3","2","14",0,3,"3.14","2.14"
"4","1","14",0,1,"4.14","1.14"
"4","2","14",0,2,"4.14","2.14"
"5","1","14",0,1,"5.14","1.14"
"5","2","14",0,1,"5.14","2.14"
"1","1","15",0,1,"1.15","1.15"
"1","2","15",0,2,"1.15","2.15"
"2","1","15",0,2,"2.15","1.15"
"2","2","15",0,2,"2.15","2.15"
"3","1","15",0,2,"3.15","1.15"
"3","2","15",0,2,"3.15","2.15"
"4","1","15",0,1,"4.15","1.15"
"4","2","15",0,2,"4.15","2.15"
"5","1","15",0,1,"5.15","1.15"
"5","2","15",0,1,"5.15","2.15"
"1","1","16",0,1,"1.16","1.16"
"1","2","16",0,2,"1.16","2.16"
"2","1","16",0,2,"2.16","1.16"
"2","2","16",0,1,"2.16","2.16"
"3","1","16",0,2,"3.16","1.16"
"3","2","16",0,2,"3.16","2.16"
"4","1","16",0,1,"4.16","1.16"
"4","2","16",0,1,"4.16","2.16"
"5","1","16",0,1,"5.16","1.16"
"5","2","16",0,2,"5.16","2.16"
"1","1","17",0,1,"1.17","1.17"
"1","2","17",0,2,"1.17","2.17"
"2","1","17",0,3,"2.17","1.17"
"2","2","17",0,2,"2.17","2.17"
"3","1","17",0,3,"3.17","1.17"
"3","2","17",0,2,"3.17","2.17"
"4","1","17",0,1,"4.17","1.17"
"4","2","17",0,1,"4.17","2.17"
"5","1","17",0,2,"5.17","1.17"
"5","2","17",0,2,"5.17","2.17"
"1","1","18",0,1,"1.18","1.18"
"1","2","18",0,2,"1.18","2.18"
"2","1","18",0,2,"2.18","1.18"
"2","2","18",0,2,"2.18","2.18"
"3","1","18",0,2,"3.18","1.18"
"3","2","18",0,2,"3.18","2.18"
"4","1","18",0,1,"4.18","1.18"
"4","2","18",0,1,"4.18","2.18"
"5","1","18",0,2,"5.18","1.18"
"5","2","18",0,2,"5.18","2.18"
"1","1","19",0,1,"1.19","1.19"
"1","2","19",0,2,"1.19","2.19"
"2","1","19",0,2,"2.19","1.19"
"2","2","19",0,2,"2.19","2.19"
"3","1","19",0,2,"3.19","1.19"
"3","2","19",0,1,"3.19","2.19"
"4","1","19",0,1,"4.19","1.19"
"4","2","19",0,2,"4.19","2.19"
"5","1","19",0,1,"5.19","1.19"
"5","2","19",0,1,"5.19","2.19"
"1","1","20",0,1,"1.20","1.20"
"1","2","20",0,1,"1.20","2.20"
"2","1","20",0,2,"2.20","1.20"
"2","2","20",0,2,"2.20","2.20"
"3","1","20",0,2,"3.20","1.20"
"3","2","20",0,2,"3.20","2.20"
"4","1","20",0,1,"4.20","1.20"
"4","2","20",0,1,"4.20","2.20"
"5","1","20",0,1,"5.20","1.20"
"5","2","20",0,2,"5.20","2.20"
"1","1","21",0,1,"1.21","1.21"
"1","2","21",0,1,"1.21","2.21"
"2","1","21",0,2,"2.21","1.21"
"2","2","21",0,1,"2.21","2.21"
"3","1","21",0,1,"3.21","1.21"
"3","2","21",0,1,"3.21","2.21"
"4","1","21",0,2,"4.21","1.21"
"4","2","21",0,1,"4.21","2.21"
"5","1","21",0,3,"5.21","1.21"
"5","2","21",0,2,"5.21","2.21"
"1","1","22",0,1,"1.22","1.22"
"1","2","22",0,1,"1.22","2.22"
"2","1","22",0,2,"2.22","1.22"
"2","2","22",0,2,"2.22","2.22"
"3","1","22",0,2,"3.22","1.22"
"3","2","22",0,1,"3.22","2.22"
"4","1","22",0,1,"4.22","1.22"
"4","2","22",0,1,"4.22","2.22"
"5","1","22",0,2,"5.22","1.22"
"5","2","22",0,2,"5.22","2.22"
"1","1","23",0,3,"1.23","1.23"
"1","2","23",0,1,"1.23","2.23"
"2","1","23",0,2,"2.23","1.23"
"2","2","23",0,2,"2.23","2.23"
"3","1","23",0,3,"3.23","1.23"
"3","2","23",0,2,"3.23","2.23"
"4","1","23",0,1,"4.23","1.23"
"4","2","23",0,1,"4.23","2.23"
"5","1","23",0,2,"5.23","1.23"
"5","2","23",0,1,"5.23","2.23"
"1","1","24",0,1,"1.24","1.24"
"1","2","24",0,1,"1.24","2.24"
"2","1","24",0,2,"2.24","1.24"
"2","2","24",0,2,"2.24","2.24"
"3","1","24",0,2,"3.24","1.24"
"3","2","24",0,1,"3.24","2.24"
"4","1","24",0,1,"4.24","1.24"
"4","2","24",0,1,"4.24","2.24"
"5","1","24",0,1,"5.24","1.24"
"5","2","24",0,2,"5.24","2.24"
"1","1","25",0,3,"1.25","1.25"
"1","2","25",0,4,"1.25","2.25"
"2","1","25",0,4,"2.25","1.25"
"2","2","25",0,3,"2.25","2.25"
"3","1","25",0,4,"3.25","1.25"
"3","2","25",0,4,"3.25","2.25"
"4","1","25",0,2,"4.25","1.25"
"4","2","25",0,3,"4.25","2.25"
"5","1","25",0,1,"5.25","1.25"
"5","2","25",0,3,"5.25","2.25"
"1","1","26",0,1,"1.26","1.26"
"1","2","26",0,2,"1.26","2.26"
"2","1","26",0,2,"2.26","1.26"
"2","2","26",0,2,"2.26","2.26"
"3","1","26",0,1,"3.26","1.26"
"3","2","26",0,1,"3.26","2.26"
"4","1","26",0,1,"4.26","1.26"
"4","2","26",0,2,"4.26","2.26"
"5","1","26",0,1,"5.26","1.26"
"5","2","26",0,2,"5.26","2.26"
"1","1","27",0,1,"1.27","1.27"
"1","2","27",0,1,"1.27","2.27"
"2","1","27",0,2,"2.27","1.27"
"2","2","27",0,2,"2.27","2.27"
"3","1","27",0,1,"3.27","1.27"
"3","2","27",0,1,"3.27","2.27"
"4","1","27",0,1,"4.27","1.27"
"4","2","27",0,1,"4.27","2.27"
"5","1","27",0,1,"5.27","1.27"
"5","2","27",0,2,"5.27","2.27"
"1","1","28",0,2,"1.28","1.28"
"1","2","28",0,3,"1.28","2.28"
"2","1","28",0,2,"2.28","1.28"
"2","2","28",0,2,"2.28","2.28"
"3","1","28",0,3,"3.28","1.28"
"3","2","28",0,5,"3.28","2.28"
"4","1","28",0,1,"4.28","1.28"
"4","2","28",0,2,"4.28","2.28"
"5","1","28",0,2,"5.28","1.28"
"5","2","28",0,3,"5.28","2.28"
"1","1","29",0,1,"1.29","1.29"
"1","2","29",0,1,"1.29","2.29"
"2","1","29",0,2,"2.29","1.29"
"2","2","29",0,2,"2.29","2.29"
"3","1","29",0,2,"3.29","1.29"
"3","2","29",0,1,"3.29","2.29"
"4","1","29",0,1,"4.29","1.29"
"4","2","29",0,1,"4.29","2.29"
"5","1","29",0,1,"5.29","1.29"
"5","2","29",0,2,"5.29","2.29"
"1","1","30",0,4,"1.30","1.30"
"1","2","30",0,2,"1.30","2.30"
"2","1","30",0,3,"2.30","1.30"
"2","2","30",0,2,"2.30","2.30"
"3","1","30",0,2,"3.30","1.30"
"3","2","30",0,2,"3.30","2.30"
"4","1","30",0,2,"4.30","1.30"
"4","2","30",0,2,"4.30","2.30"
"5","1","30",0,1,"5.30","1.30"
"5","2","30",0,1,"5.30","2.30"
"1","1","31",0,1,"1.31","1.31"
"1","2","31",0,2,"1.31","2.31"
"2","1","31",0,2,"2.31","1.31"
"2","2","31",0,2,"2.31","2.31"
"3","1","31",0,1,"3.31","1.31"
"3","2","31",0,1,"3.31","2.31"
"4","1","31",0,1,"4.31","1.31"
"4","2","31",0,1,"4.31","2.31"
"5","1","31",0,2,"5.31","1.31"
"5","2","31",0,2,"5.31","2.31"
"1","1","32",0,1,"1.32","1.32"
"1","2","32",0,1,"1.32","2.32"
"2","1","32",0,2,"2.32","1.32"
"2","2","32",0,1,"2.32","2.32"
"3","1","32",0,1,"3.32","1.32"
"3","2","32",0,1,"3.32","2.32"
"4","1","32",0,1,"4.32","1.32"
"4","2","32",0,1,"4.32","2.32"
"5","1","32",0,1,"5.32","1.32"
"5","2","32",0,1,"5.32","2.32"
"1","1","33",0,1,"1.33","1.33"
"1","2","33",0,4,"1.33","2.33"
"2","1","33",0,2,"2.33","1.33"
"2","2","33",0,2,"2.33","2.33"
"3","1","33",0,2,"3.33","1.33"
"3","2","33",0,2,"3.33","2.33"
"4","1","33",0,1,"4.33","1.33"
"4","2","33",0,1,"4.33","2.33"
"5","1","33",0,1,"5.33","1.33"
"5","2","33",0,2,"5.33","2.33"
"1","1","34",0,1,"1.34","1.34"
"1","2","34",0,3,"1.34","2.34"
"2","1","34",0,2,"2.34","1.34"
"2","2","34",0,2,"2.34","2.34"
"3","1","34",0,2,"3.34","1.34"
"3","2","34",0,1,"3.34","2.34"
"4","1","34",0,1,"4.34","1.34"
"4","2","34",0,1,"4.34","2.34"
"5","1","34",0,2,"5.34","1.34"
"5","2","34",0,2,"5.34","2.34"
"1","1","35",0,1,"1.35","1.35"
"1","2","35",0,2,"1.35","2.35"
"2","1","35",0,2,"2.35","1.35"
"2","2","35",0,1,"2.35","2.35"
"3","1","35",0,2,"3.35","1.35"
"3","2","35",0,2,"3.35","2.35"
"4","1","35",0,1,"4.35","1.35"
"4","2","35",0,2,"4.35","2.35"
"5","1","35",0,3,"5.35","1.35"
"5","2","35",0,2,"5.35","2.35"
"1","1","36",0,3,"1.36","1.36"
"1","2","36",0,3,"1.36","2.36"
"2","1","36",0,2,"2.36","1.36"
"2","2","36",0,2,"2.36","2.36"
"3","1","36",0,4,"3.36","1.36"
"3","2","36",0,2,"3.36","2.36"
"4","1","36",0,1,"4.36","1.36"
"4","2","36",0,2,"4.36","2.36"
"5","1","36",0,1,"5.36","1.36"
"5","2","36",0,2,"5.36","2.36"
"1","1","37",0,1,"1.37","1.37"
"1","2","37",0,1,"1.37","2.37"
"2","1","37",0,2,"2.37","1.37"
"2","2","37",0,2,"2.37","2.37"
"3","1","37",0,1,"3.37","1.37"
"3","2","37",0,2,"3.37","2.37"
"4","1","37",0,1,"4.37","1.37"
"4","2","37",0,1,"4.37","2.37"
"5","1","37",0,2,"5.37","1.37"
"5","2","37",0,1,"5.37","2.37"
"1","1","38",0,2,"1.38","1.38"
"1","2","38",0,2,"1.38","2.38"
"2","1","38",0,2,"2.38","1.38"
"2","2","38",0,2,"2.38","2.38"
"3","1","38",0,2,"3.38","1.38"
"3","2","38",0,1,"3.38","2.38"
"4","1","38",0,1,"4.38","1.38"
"4","2","38",0,1,"4.38","2.38"
"5","1","38",0,2,"5.38","1.38"
"5","2","38",0,1,"5.38","2.38"
"1","1","39",0,1,"1.39","1.39"
"1","2","39",0,3,"1.39","2.39"
"2","1","39",0,2,"2.39","1.39"
"2","2","39",0,2,"2.39","2.39"
"3","1","39",0,1,"3.39","1.39"
"3","2","39",0,2,"3.39","2.39"
"4","1","39",0,1,"4.39","1.39"
"4","2","39",0,2,"4.39","2.39"
"5","1","39",0,1,"5.39","1.39"
"5","2","39",0,2,"5.39","2.39"
"1","1","40",0,2,"1.40","1.40"
"1","2","40",0,1,"1.40","2.40"
"2","1","40",0,2,"2.40","1.40"
"2","2","40",0,2,"2.40","2.40"
"3","1","40",0,4,"3.40","1.40"
"3","2","40",0,2,"3.40","2.40"
"4","1","40",0,1,"4.40","1.40"
"4","2","40",0,1,"4.40","2.40"
"5","1","40",0,1,"5.40","1.40"
"5","2","40",0,1,"5.40","2.40"
"1","1","41",0,1,"1.41","1.41"
"1","2","41",0,2,"1.41","2.41"
"2","1","41",0,2,"2.41","1.41"
"2","2","41",0,3,"2.41","2.41"
"3","1","41",0,1,"3.41","1.41"
"3","2","41",0,2,"3.41","2.41"
"4","1","41",0,1,"4.41","1.41"
"4","2","41",0,1,"4.41","2.41"
"5","1","41",0,1,"5.41","1.41"
"5","2","41",0,2,"5.41","2.41"
"1","1","42",0,1,"1.42","1.42"
"1","2","42",0,2,"1.42","2.42"
"2","1","42",0,2,"2.42","1.42"
"2","2","42",0,1,"2.42","2.42"
"3","1","42",0,2,"3.42","1.42"
"3","2","42",0,1,"3.42","2.42"
"4","1","42",0,1,"4.42","1.42"
"4","2","42",0,1,"4.42","2.42"
"5","1","42",0,3,"5.42","1.42"
"5","2","42",0,1,"5.42","2.42"
"1","1","43",0,2,"1.43","1.43"
"1","2","43",0,2,"1.43","2.43"
"2","1","43",0,2,"2.43","1.43"
"2","2","43",0,2,"2.43","2.43"
"3","1","43",0,1,"3.43","1.43"
"3","2","43",0,1,"3.43","2.43"
"4","1","43",0,1,"4.43","1.43"
"4","2","43",0,1,"4.43","2.43"
"5","1","43",0,3,"5.43","1.43"
"5","2","43",0,1,"5.43","2.43"
"1","1","44",0,3,"1.44","1.44"
"1","2","44",0,3,"1.44","2.44"
"2","1","44",0,2,"2.44","1.44"
"2","2","44",0,2,"2.44","2.44"
"3","1","44",0,1,"3.44","1.44"
"3","2","44",0,3,"3.44","2.44"
"4","1","44",0,1,"4.44","1.44"
"4","2","44",0,1,"4.44","2.44"
"5","1","44",0,3,"5.44","1.44"
"5","2","44",0,3,"5.44","2.44"
"1","1","45",0,3,"1.45","1.45"
"1","2","45",0,3,"1.45","2.45"
"2","1","45",0,2,"2.45","1.45"
"2","2","45",0,3,"2.45","2.45"
"3","1","45",0,2,"3.45","1.45"
"3","2","45",0,2,"3.45","2.45"
"4","1","45",0,1,"4.45","1.45"
"4","2","45",0,2,"4.45","2.45"
"5","1","45",0,2,"5.45","1.45"
"5","2","45",0,2,"5.45","2.45"
"1","1","46",0,1,"1.46","1.46"
"1","2","46",0,1,"1.46","2.46"
"2","1","46",0,2,"2.46","1.46"
"2","2","46",0,2,"2.46","2.46"
"3","1","46",0,2,"3.46","1.46"
"3","2","46",0,1,"3.46","2.46"
"4","1","46",0,1,"4.46","1.46"
"4","2","46",0,1,"4.46","2.46"
"5","1","46",0,1,"5.46","1.46"
"5","2","46",0,1,"5.46","2.46"
"1","1","47",0,3,"1.47","1.47"
"1","2","47",0,1,"1.47","2.47"
"2","1","47",0,2,"2.47","1.47"
"2","2","47",0,2,"2.47","2.47"
"3","1","47",0,2,"3.47","1.47"
"3","2","47",0,1,"3.47","2.47"
"4","1","47",0,1,"4.47","1.47"
"4","2","47",0,2,"4.47","2.47"
"5","1","47",0,1,"5.47","1.47"
"5","2","47",0,2,"5.47","2.47"
"1","1","48",0,1,"1.48","1.48"
"1","2","48",0,1,"1.48","2.48"
"2","1","48",0,2,"2.48","1.48"
"2","2","48",0,2,"2.48","2.48"
"3","1","48",0,2,"3.48","1.48"
"3","2","48",0,1,"3.48","2.48"
"4","1","48",0,1,"4.48","1.48"
"4","2","48",0,1,"4.48","2.48"
"5","1","48",0,1,"5.48","1.48"
"5","2","48",0,2,"5.48","2.48"
"1","1","49",0,1,"1.49","1.49"
"1","2","49",0,3,"1.49","2.49"
"2","1","49",0,2,"2.49","1.49"
"2","2","49",0,2,"2.49","2.49"
"3","1","49",0,2,"3.49","1.49"
"3","2","49",0,2,"3.49","2.49"
"4","1","49",0,3,"4.49","1.49"
"4","2","49",0,2,"4.49","2.49"
"5","1","49",0,2,"5.49","1.49"
"5","2","49",0,3,"5.49","2.49"
"1","1","50",0,3,"1.50","1.50"
"1","2","50",0,3,"1.50","2.50"
"2","1","50",0,2,"2.50","1.50"
"2","2","50",0,2,"2.50","2.50"
"3","1","50",0,2,"3.50","1.50"
"3","2","50",0,3,"3.50","2.50"
"4","1","50",0,3,"4.50","1.50"
"4","2","50",0,1,"4.50","2.50"
"5","1","50",0,1,"5.50","1.50"
"5","2","50",0,3,"5.50","2.50"
"1","1","51",0,3,"1.51","1.51"
"1","2","51",0,3,"1.51","2.51"
"2","1","51",0,2,"2.51","1.51"
"2","2","51",0,2,"2.51","2.51"
"3","1","51",0,3,"3.51","1.51"
"3","2","51",0,3,"3.51","2.51"
"4","1","51",0,1,"4.51","1.51"
"4","2","51",0,2,"4.51","2.51"
"5","1","51",0,1,"5.51","1.51"
"5","2","51",0,2,"5.51","2.51"
"1","1","52",0,1,"1.52","1.52"
"1","2","52",0,1,"1.52","2.52"
"2","1","52",0,2,"2.52","1.52"
"2","2","52",0,2,"2.52","2.52"
"3","1","52",0,2,"3.52","1.52"
"3","2","52",0,1,"3.52","2.52"
"4","1","52",0,1,"4.52","1.52"
"4","2","52",0,2,"4.52","2.52"
"5","1","52",0,1,"5.52","1.52"
"5","2","52",0,1,"5.52","2.52"
"1","1","53",0,1,"1.53","1.53"
"1","2","53",0,1,"1.53","2.53"
"2","1","53",0,2,"2.53","1.53"
"2","2","53",0,2,"2.53","2.53"
"3","1","53",0,1,"3.53","1.53"
"3","2","53",0,1,"3.53","2.53"
"4","1","53",0,1,"4.53","1.53"
"4","2","53",0,1,"4.53","2.53"
"5","1","53",0,1,"5.53","1.53"
"5","2","53",0,2,"5.53","2.53"
"1","1","54",0,1,"1.54","1.54"
"1","2","54",0,3,"1.54","2.54"
"2","1","54",0,2,"2.54","1.54"
"2","2","54",0,2,"2.54","2.54"
"3","1","54",0,1,"3.54","1.54"
"3","2","54",0,3,"3.54","2.54"
"4","1","54",0,1,"4.54","1.54"
"4","2","54",0,1,"4.54","2.54"
"5","1","54",0,1,"5.54","1.54"
"5","2","54",0,2,"5.54","2.54"
"1","1","55",0,1,"1.55","1.55"
"1","2","55",0,4,"1.55","2.55"
"2","1","55",0,2,"2.55","1.55"
"2","2","55",0,3,"2.55","2.55"
"3","1","55",0,2,"3.55","1.55"
"3","2","55",0,2,"3.55","2.55"
"4","1","55",0,1,"4.55","1.55"
"4","2","55",0,1,"4.55","2.55"
"5","1","55",0,1,"5.55","1.55"
"5","2","55",0,2,"5.55","2.55"
"1","1","56",0,1,"1.56","1.56"
"1","2","56",0,1,"1.56","2.56"
"2","1","56",0,2,"2.56","1.56"
"2","2","56",0,2,"2.56","2.56"
"3","1","56",0,1,"3.56","1.56"
"3","2","56",0,2,"3.56","2.56"
"4","1","56",0,1,"4.56","1.56"
"4","2","56",0,1,"4.56","2.56"
"5","1","56",0,1,"5.56","1.56"
"5","2","56",0,2,"5.56","2.56"
"1","1","57",0,1,"1.57","1.57"
"1","2","57",0,2,"1.57","2.57"
"2","1","57",0,2,"2.57","1.57"
"2","2","57",0,2,"2.57","2.57"
"3","1","57",0,1,"3.57","1.57"
"3","2","57",0,1,"3.57","2.57"
"4","1","57",0,1,"4.57","1.57"
"4","2","57",0,1,"4.57","2.57"
"5","1","57",0,1,"5.57","1.57"
"5","2","57",0,1,"5.57","2.57"
"1","1","58",0,2,"1.58","1.58"
"1","2","58",0,4,"1.58","2.58"
"2","1","58",0,4,"2.58","1.58"
"2","2","58",0,3,"2.58","2.58"
"3","1","58",0,2,"3.58","1.58"
"3","2","58",0,2,"3.58","2.58"
"4","1","58",0,1,"4.58","1.58"
"4","2","58",0,2,"4.58","2.58"
"5","1","58",0,3,"5.58","1.58"
"5","2","58",0,2,"5.58","2.58"
"1","1","59",0,2,"1.59","1.59"
"1","2","59",0,2,"1.59","2.59"
"2","1","59",0,3,"2.59","1.59"
"2","2","59",0,2,"2.59","2.59"
"3","1","59",0,2,"3.59","1.59"
"3","2","59",0,3,"3.59","2.59"
"4","1","59",0,1,"4.59","1.59"
"4","2","59",0,1,"4.59","2.59"
"5","1","59",0,4,"5.59","1.59"
"5","2","59",0,2,"5.59","2.59"
"1","1","60",0,1,"1.60","1.60"
"1","2","60",0,1,"1.60","2.60"
"2","1","60",0,2,"2.60","1.60"
"2","2","60",0,2,"2.60","2.60"
"3","1","60",0,1,"3.60","1.60"
"3","2","60",0,2,"3.60","2.60"
"4","1","60",0,1,"4.60","1.60"
"4","2","60",0,2,"4.60","2.60"
"5","1","60",0,1,"5.60","1.60"
"5","2","60",0,2,"5.60","2.60"
"1","1","61",0,1,"1.61","1.61"
"1","2","61",0,2,"1.61","2.61"
"2","1","61",0,2,"2.61","1.61"
"2","2","61",0,2,"2.61","2.61"
"3","1","61",0,1,"3.61","1.61"
"3","2","61",0,3,"3.61","2.61"
"4","1","61",0,1,"4.61","1.61"
"4","2","61",0,1,"4.61","2.61"
"5","1","61",0,2,"5.61","1.61"
"5","2","61",0,2,"5.61","2.61"
"1","1","62",0,1,"1.62","1.62"
"1","2","62",0,4,"1.62","2.62"
"2","1","62",0,3,"2.62","1.62"
"2","2","62",0,2,"2.62","2.62"
"3","1","62",0,5,"3.62","1.62"
"3","2","62",0,4,"3.62","2.62"
"4","1","62",0,1,"4.62","1.62"
"4","2","62",0,1,"4.62","2.62"
"5","1","62",0,3,"5.62","1.62"
"5","2","62",0,3,"5.62","2.62"
"1","1","63",0,1,"1.63","1.63"
"1","2","63",0,1,"1.63","2.63"
"2","1","63",0,2,"2.63","1.63"
"2","2","63",0,2,"2.63","2.63"
"3","1","63",0,1,"3.63","1.63"
"3","2","63",0,1,"3.63","2.63"
"4","1","63",0,1,"4.63","1.63"
"4","2","63",0,1,"4.63","2.63"
"5","1","63",0,1,"5.63","1.63"
"5","2","63",0,1,"5.63","2.63"
"1","1","64",0,3,"1.64","1.64"
"1","2","64",0,4,"1.64","2.64"
"2","1","64",0,2,"2.64","1.64"
"2","2","64",0,2,"2.64","2.64"
"3","1","64",0,4,"3.64","1.64"
"3","2","64",0,2,"3.64","2.64"
"4","1","64",0,3,"4.64","1.64"
"4","2","64",0,3,"4.64","2.64"
"5","1","64",0,2,"5.64","1.64"
"5","2","64",0,2,"5.64","2.64"
"1","1","65",0,3,"1.65","1.65"
"1","2","65",0,4,"1.65","2.65"
"2","1","65",0,2,"2.65","1.65"
"2","2","65",0,2,"2.65","2.65"
"3","1","65",0,2,"3.65","1.65"
"3","2","65",0,4,"3.65","2.65"
"4","1","65",0,1,"4.65","1.65"
"4","2","65",0,2,"4.65","2.65"
"5","1","65",0,1,"5.65","1.65"
"5","2","65",0,3,"5.65","2.65"
"1","1","66",0,2,"1.66","1.66"
"1","2","66",0,2,"1.66","2.66"
"2","1","66",0,2,"2.66","1.66"
"2","2","66",0,2,"2.66","2.66"
"3","1","66",0,1,"3.66","1.66"
"3","2","66",0,2,"3.66","2.66"
"4","1","66",0,1,"4.66","1.66"
"4","2","66",0,3,"4.66","2.66"
"5","1","66",0,2,"5.66","1.66"
"5","2","66",0,3,"5.66","2.66"
"1","1","67",0,1,"1.67","1.67"
"1","2","67",0,1,"1.67","2.67"
"2","1","67",0,2,"2.67","1.67"
"2","2","67",0,1,"2.67","2.67"
"3","1","67",0,2,"3.67","1.67"
"3","2","67",0,1,"3.67","2.67"
"4","1","67",0,1,"4.67","1.67"
"4","2","67",0,2,"4.67","2.67"
"5","1","67",0,1,"5.67","1.67"
"5","2","67",0,1,"5.67","2.67"
"1","1","68",0,1,"1.68","1.68"
"1","2","68",0,1,"1.68","2.68"
"2","1","68",0,2,"2.68","1.68"
"2","2","68",0,2,"2.68","2.68"
"3","1","68",0,1,"3.68","1.68"
"3","2","68",0,2,"3.68","2.68"
"4","1","68",0,1,"4.68","1.68"
"4","2","68",0,1,"4.68","2.68"
"5","1","68",0,1,"5.68","1.68"
"5","2","68",0,1,"5.68","2.68"
"1","1","69",0,1,"1.69","1.69"
"1","2","69",0,1,"1.69","2.69"
"2","1","69",0,2,"2.69","1.69"
"2","2","69",0,2,"2.69","2.69"
"3","1","69",0,2,"3.69","1.69"
"3","2","69",0,1,"3.69","2.69"
"4","1","69",0,1,"4.69","1.69"
"4","2","69",0,1,"4.69","2.69"
"5","1","69",0,3,"5.69","1.69"
"5","2","69",0,1,"5.69","2.69"
"1","1","70",1,5,"1.70","1.70"
"1","2","70",1,5,"1.70","2.70"
"2","1","70",1,5,"2.70","1.70"
"2","2","70",1,5,"2.70","2.70"
"3","1","70",1,5,"3.70","1.70"
"3","2","70",1,5,"3.70","2.70"
"4","1","70",1,5,"4.70","1.70"
"4","2","70",1,5,"4.70","2.70"
"5","1","70",1,5,"5.70","1.70"
"5","2","70",1,5,"5.70","2.70"
"1","1","71",1,5,"1.71","1.71"
"1","2","71",1,3,"1.71","2.71"
"2","1","71",1,3,"2.71","1.71"
"2","2","71",1,3,"2.71","2.71"
"3","1","71",1,4,"3.71","1.71"
"3","2","71",1,2,"3.71","2.71"
"4","1","71",1,5,"4.71","1.71"
"4","2","71",1,4,"4.71","2.71"
"5","1","71",1,2,"5.71","1.71"
"5","2","71",1,2,"5.71","2.71"
"1","1","72",1,5,"1.72","1.72"
"1","2","72",1,5,"1.72","2.72"
"2","1","72",1,5,"2.72","1.72"
"2","2","72",1,5,"2.72","2.72"
"3","1","72",1,5,"3.72","1.72"
"3","2","72",1,5,"3.72","2.72"
"4","1","72",1,5,"4.72","1.72"
"4","2","72",1,5,"4.72","2.72"
"5","1","72",1,5,"5.72","1.72"
"5","2","72",1,5,"5.72","2.72"
"1","1","73",1,5,"1.73","1.73"
"1","2","73",1,5,"1.73","2.73"
"2","1","73",1,5,"2.73","1.73"
"2","2","73",1,5,"2.73","2.73"
"3","1","73",1,5,"3.73","1.73"
"3","2","73",1,5,"3.73","2.73"
"4","1","73",1,5,"4.73","1.73"
"4","2","73",1,5,"4.73","2.73"
"5","1","73",1,2,"5.73","1.73"
"5","2","73",1,4,"5.73","2.73"
"1","1","74",1,4,"1.74","1.74"
"1","2","74",1,5,"1.74","2.74"
"2","1","74",1,5,"2.74","1.74"
"2","2","74",1,5,"2.74","2.74"
"3","1","74",1,5,"3.74","1.74"
"3","2","74",1,5,"3.74","2.74"
"4","1","74",1,5,"4.74","1.74"
"4","2","74",1,5,"4.74","2.74"
"5","1","74",1,5,"5.74","1.74"
"5","2","74",1,5,"5.74","2.74"
"1","1","75",1,5,"1.75","1.75"
"1","2","75",1,5,"1.75","2.75"
"2","1","75",1,5,"2.75","1.75"
"2","2","75",1,5,"2.75","2.75"
"3","1","75",1,5,"3.75","1.75"
"3","2","75",1,5,"3.75","2.75"
"4","1","75",1,5,"4.75","1.75"
"4","2","75",1,5,"4.75","2.75"
"5","1","75",1,5,"5.75","1.75"
"5","2","75",1,5,"5.75","2.75"
"1","1","76",1,5,"1.76","1.76"
"1","2","76",1,5,"1.76","2.76"
"2","1","76",1,5,"2.76","1.76"
"2","2","76",1,5,"2.76","2.76"
"3","1","76",1,5,"3.76","1.76"
"3","2","76",1,5,"3.76","2.76"
"4","1","76",1,5,"4.76","1.76"
"4","2","76",1,5,"4.76","2.76"
"5","1","76",1,5,"5.76","1.76"
"5","2","76",1,5,"5.76","2.76"
"1","1","77",1,5,"1.77","1.77"
"1","2","77",1,5,"1.77","2.77"
"2","1","77",1,4,"2.77","1.77"
"2","2","77",1,5,"2.77","2.77"
"3","1","77",1,5,"3.77","1.77"
"3","2","77",1,5,"3.77","2.77"
"4","1","77",1,5,"4.77","1.77"
"4","2","77",1,5,"4.77","2.77"
"5","1","77",1,5,"5.77","1.77"
"5","2","77",1,5,"5.77","2.77"
"1","1","78",1,4,"1.78","1.78"
"1","2","78",1,4,"1.78","2.78"
"2","1","78",1,2,"2.78","1.78"
"2","2","78",1,2,"2.78","2.78"
"3","1","78",1,5,"3.78","1.78"
"3","2","78",1,5,"3.78","2.78"
"4","1","78",1,5,"4.78","1.78"
"4","2","78",1,4,"4.78","2.78"
"5","1","78",1,1,"5.78","1.78"
"5","2","78",1,5,"5.78","2.78"
"1","1","79",1,5,"1.79","1.79"
"1","2","79",1,5,"1.79","2.79"
"2","1","79",1,5,"2.79","1.79"
"2","2","79",1,5,"2.79","2.79"
"3","1","79",1,5,"3.79","1.79"
"3","2","79",1,5,"3.79","2.79"
"4","1","79",1,5,"4.79","1.79"
"4","2","79",1,5,"4.79","2.79"
"5","1","79",1,5,"5.79","1.79"
"5","2","79",1,4,"5.79","2.79"
"1","1","80",1,5,"1.80","1.80"
"1","2","80",1,5,"1.80","2.80"
"2","1","80",1,5,"2.80","1.80"
"2","2","80",1,5,"2.80","2.80"
"3","1","80",1,5,"3.80","1.80"
"3","2","80",1,5,"3.80","2.80"
"4","1","80",1,5,"4.80","1.80"
"4","2","80",1,5,"4.80","2.80"
"5","1","80",1,4,"5.80","1.80"
"5","2","80",1,5,"5.80","2.80"
"1","1","81",1,5,"1.81","1.81"
"1","2","81",1,5,"1.81","2.81"
"2","1","81",1,5,"2.81","1.81"
"2","2","81",1,5,"2.81","2.81"
"3","1","81",1,5,"3.81","1.81"
"3","2","81",1,5,"3.81","2.81"
"4","1","81",1,5,"4.81","1.81"
"4","2","81",1,5,"4.81","2.81"
"5","1","81",1,5,"5.81","1.81"
"5","2","81",1,5,"5.81","2.81"
"1","1","82",1,4,"1.82","1.82"
"1","2","82",1,5,"1.82","2.82"
"2","1","82",1,4,"2.82","1.82"
"2","2","82",1,3,"2.82","2.82"
"3","1","82",1,5,"3.82","1.82"
"3","2","82",1,3,"3.82","2.82"
"4","1","82",1,5,"4.82","1.82"
"4","2","82",1,4,"4.82","2.82"
"5","1","82",1,4,"5.82","1.82"
"5","2","82",1,3,"5.82","2.82"
"1","1","83",1,3,"1.83","1.83"
"1","2","83",1,4,"1.83","2.83"
"2","1","83",1,4,"2.83","1.83"
"2","2","83",1,4,"2.83","2.83"
"3","1","83",1,4,"3.83","1.83"
"3","2","83",1,5,"3.83","2.83"
"4","1","83",1,5,"4.83","1.83"
"4","2","83",1,5,"4.83","2.83"
"5","1","83",1,5,"5.83","1.83"
"5","2","83",1,4,"5.83","2.83"
"1","1","84",1,4,"1.84","1.84"
"1","2","84",1,4,"1.84","2.84"
"2","1","84",1,2,"2.84","1.84"
"2","2","84",1,4,"2.84","2.84"
"3","1","84",1,2,"3.84","1.84"
"3","2","84",1,4,"3.84","2.84"
"4","1","84",1,5,"4.84","1.84"
"4","2","84",1,5,"4.84","2.84"
"5","1","84",1,2,"5.84","1.84"
"5","2","84",1,3,"5.84","2.84"
"1","1","85",1,2,"1.85","1.85"
"1","2","85",1,3,"1.85","2.85"
"2","1","85",1,2,"2.85","1.85"
"2","2","85",1,2,"2.85","2.85"
"3","1","85",1,3,"3.85","1.85"
"3","2","85",1,1,"3.85","2.85"
"4","1","85",1,1,"4.85","1.85"
"4","2","85",1,5,"4.85","2.85"
"5","1","85",1,2,"5.85","1.85"
"5","2","85",1,3,"5.85","2.85"
"1","1","86",1,4,"1.86","1.86"
"1","2","86",1,3,"1.86","2.86"
"2","1","86",1,2,"2.86","1.86"
"2","2","86",1,4,"2.86","2.86"
"3","1","86",1,5,"3.86","1.86"
"3","2","86",1,4,"3.86","2.86"
"4","1","86",1,5,"4.86","1.86"
"4","2","86",1,5,"4.86","2.86"
"5","1","86",1,3,"5.86","1.86"
"5","2","86",1,3,"5.86","2.86"
"1","1","87",1,5,"1.87","1.87"
"1","2","87",1,5,"1.87","2.87"
"2","1","87",1,5,"2.87","1.87"
"2","2","87",1,5,"2.87","2.87"
"3","1","87",1,5,"3.87","1.87"
"3","2","87",1,5,"3.87","2.87"
"4","1","87",1,5,"4.87","1.87"
"4","2","87",1,5,"4.87","2.87"
"5","1","87",1,5,"5.87","1.87"
"5","2","87",1,5,"5.87","2.87"
"1","1","88",1,5,"1.88","1.88"
"1","2","88",1,5,"1.88","2.88"
"2","1","88",1,5,"2.88","1.88"
"2","2","88",1,4,"2.88","2.88"
"3","1","88",1,5,"3.88","1.88"
"3","2","88",1,5,"3.88","2.88"
"4","1","88",1,5,"4.88","1.88"
"4","2","88",1,5,"4.88","2.88"
"5","1","88",1,5,"5.88","1.88"
"5","2","88",1,5,"5.88","2.88"
"1","1","89",1,5,"1.89","1.89"
"1","2","89",1,5,"1.89","2.89"
"2","1","89",1,5,"2.89","1.89"
"2","2","89",1,5,"2.89","2.89"
"3","1","89",1,5,"3.89","1.89"
"3","2","89",1,5,"3.89","2.89"
"4","1","89",1,5,"4.89","1.89"
"4","2","89",1,5,"4.89","2.89"
"5","1","89",1,5,"5.89","1.89"
"5","2","89",1,5,"5.89","2.89"
"1","1","90",1,5,"1.90","1.90"
"1","2","90",1,5,"1.90","2.90"
"2","1","90",1,5,"2.90","1.90"
"2","2","90",1,5,"2.90","2.90"
"3","1","90",1,5,"3.90","1.90"
"3","2","90",1,5,"3.90","2.90"
"4","1","90",1,5,"4.90","1.90"
"4","2","90",1,5,"4.90","2.90"
"5","1","90",1,5,"5.90","1.90"
"5","2","90",1,5,"5.90","2.90"
"1","1","91",1,5,"1.91","1.91"
"1","2","91",1,5,"1.91","2.91"
"2","1","91",1,5,"2.91","1.91"
"2","2","91",1,5,"2.91","2.91"
"3","1","91",1,5,"3.91","1.91"
"3","2","91",1,5,"3.91","2.91"
"4","1","91",1,5,"4.91","1.91"
"4","2","91",1,5,"4.91","2.91"
"5","1","91",1,5,"5.91","1.91"
"5","2","91",1,5,"5.91","2.91"
"1","1","92",1,5,"1.92","1.92"
"1","2","92",1,5,"1.92","2.92"
"2","1","92",1,5,"2.92","1.92"
"2","2","92",1,4,"2.92","2.92"
"3","1","92",1,5,"3.92","1.92"
"3","2","92",1,5,"3.92","2.92"
"4","1","92",1,5,"4.92","1.92"
"4","2","92",1,5,"4.92","2.92"
"5","1","92",1,5,"5.92","1.92"
"5","2","92",1,5,"5.92","2.92"
"1","1","93",1,5,"1.93","1.93"
"1","2","93",1,5,"1.93","2.93"
"2","1","93",1,5,"2.93","1.93"
"2","2","93",1,5,"2.93","2.93"
"3","1","93",1,5,"3.93","1.93"
"3","2","93",1,5,"3.93","2.93"
"4","1","93",1,5,"4.93","1.93"
"4","2","93",1,5,"4.93","2.93"
"5","1","93",1,4,"5.93","1.93"
"5","2","93",1,5,"5.93","2.93"
"1","1","94",1,1,"1.94","1.94"
"1","2","94",1,3,"1.94","2.94"
"2","1","94",1,2,"2.94","1.94"
"2","2","94",1,2,"2.94","2.94"
"3","1","94",1,2,"3.94","1.94"
"3","2","94",1,2,"3.94","2.94"
"4","1","94",1,5,"4.94","1.94"
"4","2","94",1,4,"4.94","2.94"
"5","1","94",1,1,"5.94","1.94"
"5","2","94",1,2,"5.94","2.94"
"1","1","95",1,5,"1.95","1.95"
"1","2","95",1,5,"1.95","2.95"
"2","1","95",1,4,"2.95","1.95"
"2","2","95",1,5,"2.95","2.95"
"3","1","95",1,5,"3.95","1.95"
"3","2","95",1,5,"3.95","2.95"
"4","1","95",1,5,"4.95","1.95"
"4","2","95",1,5,"4.95","2.95"
"5","1","95",1,4,"5.95","1.95"
"5","2","95",1,5,"5.95","2.95"
"1","1","96",1,4,"1.96","1.96"
"1","2","96",1,5,"1.96","2.96"
"2","1","96",1,3,"2.96","1.96"
"2","2","96",1,2,"2.96","2.96"
"3","1","96",1,2,"3.96","1.96"
"3","2","96",1,3,"3.96","2.96"
"4","1","96",1,4,"4.96","1.96"
"4","2","96",1,5,"4.96","2.96"
"5","1","96",1,4,"5.96","1.96"
"5","2","96",1,1,"5.96","2.96"
"1","1","97",1,4,"1.97","1.97"
"1","2","97",1,3,"1.97","2.97"
"2","1","97",1,3,"2.97","1.97"
"2","2","97",1,3,"2.97","2.97"
"3","1","97",1,2,"3.97","1.97"
"3","2","97",1,3,"3.97","2.97"
"4","1","97",1,5,"4.97","1.97"
"4","2","97",1,4,"4.97","2.97"
"5","1","97",1,3,"5.97","1.97"
"5","2","97",1,3,"5.97","2.97"
"1","1","98",1,5,"1.98","1.98"
"1","2","98",1,5,"1.98","2.98"
"2","1","98",1,5,"2.98","1.98"
"2","2","98",1,5,"2.98","2.98"
"3","1","98",1,5,"3.98","1.98"
"3","2","98",1,5,"3.98","2.98"
"4","1","98",1,4,"4.98","1.98"
"4","2","98",1,4,"4.98","2.98"
"5","1","98",1,2,"5.98","1.98"
"5","2","98",1,3,"5.98","2.98"
"1","1","99",1,4,"1.99","1.99"
"1","2","99",1,5,"1.99","2.99"
"2","1","99",1,4,"2.99","1.99"
"2","2","99",1,5,"2.99","2.99"
"3","1","99",1,5,"3.99","1.99"
"3","2","99",1,5,"3.99","2.99"
"4","1","99",1,4,"4.99","1.99"
"4","2","99",1,5,"4.99","2.99"
"5","1","99",1,2,"5.99","1.99"
"5","2","99",1,2,"5.99","2.99"
"1","1","100",1,5,"1.100","1.100"
"1","2","100",1,5,"1.100","2.100"
"2","1","100",1,5,"2.100","1.100"
"2","2","100",1,5,"2.100","2.100"
"3","1","100",1,5,"3.100","1.100"
"3","2","100",1,5,"3.100","2.100"
"4","1","100",1,5,"4.100","1.100"
"4","2","100",1,5,"4.100","2.100"
"5","1","100",1,1,"5.100","1.100"
"5","2","100",1,5,"5.100","2.100"
"1","1","101",1,5,"1.101","1.101"
"1","2","101",1,5,"1.101","2.101"
"2","1","101",1,5,"2.101","1.101"
"2","2","101",1,3,"2.101","2.101"
"3","1","101",1,5,"3.101","1.101"
"3","2","101",1,4,"3.101","2.101"
"4","1","101",1,5,"4.101","1.101"
"4","2","101",1,5,"4.101","2.101"
"5","1","101",1,5,"5.101","1.101"
"5","2","101",1,3,"5.101","2.101"
"1","1","102",1,3,"1.102","1.102"
"1","2","102",1,4,"1.102","2.102"
"2","1","102",1,2,"2.102","1.102"
"2","2","102",1,2,"2.102","2.102"
"3","1","102",1,2,"3.102","1.102"
"3","2","102",1,3,"3.102","2.102"
"4","1","102",1,3,"4.102","1.102"
"4","2","102",1,5,"4.102","2.102"
"5","1","102",1,1,"5.102","1.102"
"5","2","102",1,2,"5.102","2.102"
"1","1","103",1,5,"1.103","1.103"
"1","2","103",1,4,"1.103","2.103"
"2","1","103",1,4,"2.103","1.103"
"2","2","103",1,4,"2.103","2.103"
"3","1","103",1,5,"3.103","1.103"
"3","2","103",1,5,"3.103","2.103"
"4","1","103",1,5,"4.103","1.103"
"4","2","103",1,5,"4.103","2.103"
"5","1","103",1,5,"5.103","1.103"
"5","2","103",1,5,"5.103","2.103"
"1","1","104",1,5,"1.104","1.104"
"1","2","104",1,5,"1.104","2.104"
"2","1","104",1,2,"2.104","1.104"
"2","2","104",1,2,"2.104","2.104"
"3","1","104",1,5,"3.104","1.104"
"3","2","104",1,5,"3.104","2.104"
"4","1","104",1,5,"4.104","1.104"
"4","2","104",1,5,"4.104","2.104"
"5","1","104",1,1,"5.104","1.104"
"5","2","104",1,4,"5.104","2.104"
"1","1","105",1,5,"1.105","1.105"
"1","2","105",1,5,"1.105","2.105"
"2","1","105",1,5,"2.105","1.105"
"2","2","105",1,5,"2.105","2.105"
"3","1","105",1,5,"3.105","1.105"
"3","2","105",1,5,"3.105","2.105"
"4","1","105",1,5,"4.105","1.105"
"4","2","105",1,5,"4.105","2.105"
"5","1","105",1,5,"5.105","1.105"
"5","2","105",1,5,"5.105","2.105"
"1","1","106",1,1,"1.106","1.106"
"1","2","106",1,5,"1.106","2.106"
"2","1","106",1,2,"2.106","1.106"
"2","2","106",1,5,"2.106","2.106"
"3","1","106",1,2,"3.106","1.106"
"3","2","106",1,5,"3.106","2.106"
"4","1","106",1,1,"4.106","1.106"
"4","2","106",1,5,"4.106","2.106"
"5","1","106",1,1,"5.106","1.106"
"5","2","106",1,5,"5.106","2.106"
"1","1","107",1,1,"1.107","1.107"
"1","2","107",1,3,"1.107","2.107"
"2","1","107",1,2,"2.107","1.107"
"2","2","107",1,2,"2.107","2.107"
"3","1","107",1,2,"3.107","1.107"
"3","2","107",1,3,"3.107","2.107"
"4","1","107",1,2,"4.107","1.107"
"4","2","107",1,3,"4.107","2.107"
"5","1","107",1,1,"5.107","1.107"
"5","2","107",1,3,"5.107","2.107"
"1","1","108",1,5,"1.108","1.108"
"1","2","108",1,5,"1.108","2.108"
"2","1","108",1,5,"2.108","1.108"
"2","2","108",1,5,"2.108","2.108"
"3","1","108",1,5,"3.108","1.108"
"3","2","108",1,4,"3.108","2.108"
"4","1","108",1,5,"4.108","1.108"
"4","2","108",1,5,"4.108","2.108"
"5","1","108",1,5,"5.108","1.108"
"5","2","108",1,3,"5.108","2.108"
"1","1","109",1,5,"1.109","1.109"
"1","2","109",1,5,"1.109","2.109"
"2","1","109",1,5,"2.109","1.109"
"2","2","109",1,5,"2.109","2.109"
"3","1","109",1,5,"3.109","1.109"
"3","2","109",1,5,"3.109","2.109"
"4","1","109",1,5,"4.109","1.109"
"4","2","109",1,5,"4.109","2.109"
"5","1","109",1,5,"5.109","1.109"
"5","2","109",1,5,"5.109","2.109"
"1","1","110",1,5,"1.110","1.110"
"1","2","110",1,5,"1.110","2.110"
"2","1","110",1,5,"2.110","1.110"
"2","2","110",1,5,"2.110","2.110"
"3","1","110",1,5,"3.110","1.110"
"3","2","110",1,5,"3.110","2.110"
"4","1","110",1,5,"4.110","1.110"
"4","2","110",1,5,"4.110","2.110"
"5","1","110",1,5,"5.110","1.110"
"5","2","110",1,5,"5.110","2.110"
"1","1","111",1,4,"1.111","1.111"
"1","2","111",1,5,"1.111","2.111"
"2","1","111",1,5,"2.111","1.111"
"2","2","111",1,5,"2.111","2.111"
"3","1","111",1,5,"3.111","1.111"
"3","2","111",1,5,"3.111","2.111"
"4","1","111",1,5,"4.111","1.111"
"4","2","111",1,5,"4.111","2.111"
"5","1","111",1,3,"5.111","1.111"
"5","2","111",1,5,"5.111","2.111"
"1","1","112",1,4,"1.112","1.112"
"1","2","112",1,5,"1.112","2.112"
"2","1","112",1,3,"2.112","1.112"
"2","2","112",1,5,"2.112","2.112"
"3","1","112",1,5,"3.112","1.112"
"3","2","112",1,5,"3.112","2.112"
"4","1","112",1,5,"4.112","1.112"
"4","2","112",1,5,"4.112","2.112"
"5","1","112",1,5,"5.112","1.112"
"5","2","112",1,5,"5.112","2.112"
"1","1","113",1,5,"1.113","1.113"
"1","2","113",1,5,"1.113","2.113"
"2","1","113",1,5,"2.113","1.113"
"2","2","113",1,5,"2.113","2.113"
"3","1","113",1,5,"3.113","1.113"
"3","2","113",1,5,"3.113","2.113"
"4","1","113",1,5,"4.113","1.113"
"4","2","113",1,5,"4.113","2.113"
"5","1","113",1,5,"5.113","1.113"
"5","2","113",1,5,"5.113","2.113"
"1","1","114",1,1,"1.114","1.114"
"1","2","114",1,1,"1.114","2.114"
"2","1","114",1,2,"2.114","1.114"
"2","2","114",1,2,"2.114","2.114"
"3","1","114",1,2,"3.114","1.114"
"3","2","114",1,1,"3.114","2.114"
"4","1","114",1,5,"4.114","1.114"
"4","2","114",1,5,"4.114","2.114"
"5","1","114",1,2,"5.114","1.114"
"5","2","114",1,3,"5.114","2.114"
